# Name,   Type, SubType, Offset,  Size, Flags
# Note: Firmware partition offset needs to be 64K aligned, initial 36K (9 sectors) are reserved for bootloader and partition table
esp_secure_cert,  0x3F,          ,    0xD000,     0x2000, encrypted
nvs_key,  data, nvs_keys, 0xF000, 0x1000, encrypted
nvs,      data, nvs,     0x10000,   0x6000,
phy_init, data, phy,     ,          0x1000,
# Single app slot: the C6 app is ~2.2 MB and the C6 also carries the hosted-slave
# firmware, so two OTA slots don't fit in 4 MB flash. RainMaker OTA is therefore
# unavailable for the split camera; the app is flashed as a factory image.
factory,  app,  factory, 0x20000,   0x2E0000,
reserved, 0x06,     ,    0x3E0000,  0x1A000,
fctry,    data, nvs,     0x3FA000,  0x6000
